,index,tag,subject,action,name,class,id,text,location,size,region,close_reference,human_readable_position,url,description,model_input
0,0,section,homes,search,,loop-start,,"Neosport 50+ UV Shield Performance Face Shield
SKU#: XHS10N
Starting at
$21.95
1.5mm Multi-Sport Glove
SKU#: SG10V
Starting at
$35.99
1.5mm XSPAN® Pants
SKU#: SX310UN-01
Starting at
$118.99
1.5mm XSPAN® Shorts
SKU#: SX210UN-01
Starting at
$78.99
2mm HI-Top Neoprene Sock
SKU#: SS20N
Starting at
$23.99
2mm Low Top Neoprene Sock
SKU#: SS21N
Starting at
$20.99
3/2mm, 5/3mm & 7/5mm Vented Bib Hood
SKU#: SH32N(3/2mm) SH53N(5/3mm) SH75N(7/5mm)
Starting at
$42.99 – $46.99
3/2mm, 5/3mm & 7/5mm XSPAN® VENTED BIB HOOD
SKU#: SXH32N(3/2mm) SXH53N(5/3mm) SXH75N(7/5mm)
Starting at
$61.99 – $73.99
3/4 Finger Glove
SKU#: SG15V
Starting at
$27.99
3mm & 5mm Five Finger Glove
SKU#: SG30V(3mm), SG50V(5mm)
Starting at
$35.99 – $40.99
3mm & 5mm Low Top Boots
SKU#: SB30N(3mm) SB50N(5mm)
Starting at
$54.99 – $66.99
3mm, 5mm & 7mm Hi Top Zipper Boots
SKU#: SB30Z(3mm) SB50Z(5mm) SB70Z(7mm)
Starting at
$64.99 – $83.99
Load More","{'x': 261.0, 'y': 876.5}","{'height': 1757, 'width': 1089}","{'left': True, 'right': False, 'top': False, 'bottom': True}","{'closer_to_center_x': False, 'closer_to_center_y': False, 'closer_to_right_end': False, 'closer_to_left_end': True, 'closer_to_top': False, 'closer_to_bottom': True}",bottom_left,https://www.cnn.com/us,search homes in the bottom_left region of the window.,homes | action | search &&homes | human_readable_position | bottom_left
1,1,section,homes,search,,loop-start,,"Neosport 50+ UV Shield Performance Face Shield
SKU#: XHS10N
Starting at
$21.95
1.5mm Multi-Sport Glove
SKU#: SG10V
Starting at
$35.99
1.5mm XSPAN® Pants
SKU#: SX310UN-01
Starting at
$118.99
1.5mm XSPAN® Shorts
SKU#: SX210UN-01
Starting at
$78.99
2mm HI-Top Neoprene Sock
SKU#: SS20N
Starting at
$23.99
2mm Low Top Neoprene Sock
SKU#: SS21N
Starting at
$20.99
3/2mm, 5/3mm & 7/5mm Vented Bib Hood
SKU#: SH32N(3/2mm) SH53N(5/3mm) SH75N(7/5mm)
Starting at
$42.99 – $46.99
3/2mm, 5/3mm & 7/5mm XSPAN® VENTED BIB HOOD
SKU#: SXH32N(3/2mm) SXH53N(5/3mm) SXH75N(7/5mm)
Starting at
$61.99 – $73.99
3/4 Finger Glove
SKU#: SG15V
Starting at
$27.99
3mm & 5mm Five Finger Glove
SKU#: SG30V(3mm), SG50V(5mm)
Starting at
$35.99 – $40.99
3mm & 5mm Low Top Boots
SKU#: SB30N(3mm) SB50N(5mm)
Starting at
$54.99 – $66.99
3mm, 5mm & 7mm Hi Top Zipper Boots
SKU#: SB30Z(3mm) SB50Z(5mm) SB70Z(7mm)
Starting at
$64.99 – $83.99
Load More","{'x': 261.0, 'y': 876.5}","{'height': 1757, 'width': 1089}","{'left': True, 'right': False, 'top': False, 'bottom': True}","{'closer_to_center_x': False, 'closer_to_center_y': False, 'closer_to_right_end': False, 'closer_to_left_end': True, 'closer_to_top': False, 'closer_to_bottom': True}",bottom_left,https://www.cnn.com/us,search homes in the bottom_left region of the window.,homes | action | search &&homes | human_readable_position | bottom_left
2,0,form,games,sort,,frm-show-form  frm_pro_form ,form_ileoe,,"{'x': 992.5, 'y': 1598.0}","{'height': 0, 'width': 330}","{'left': False, 'right': True, 'top': False, 'bottom': True}","{'closer_to_center_x': True, 'closer_to_center_y': False, 'closer_to_right_end': False, 'closer_to_left_end': False, 'closer_to_top': False, 'closer_to_bottom': True}",bottom,https://www.cnn.com/us,sort games in the bottom region of the window.,games | action | sort &&games | human_readable_position | bottom
3,1,form,games,sort,,frm-show-form  frm_pro_form ,form_ileoe,,"{'x': 992.5, 'y': 1598.0}","{'height': 0, 'width': 330}","{'left': False, 'right': True, 'top': False, 'bottom': True}","{'closer_to_center_x': True, 'closer_to_center_y': False, 'closer_to_right_end': False, 'closer_to_left_end': False, 'closer_to_top': False, 'closer_to_bottom': True}",bottom,https://www.cnn.com/us,sort games in the bottom region of the window.,games | action | sort &&games | human_readable_position | bottom
4,2,form,games,sort,,frm-show-form  frm_pro_form ,form_ileoe,,"{'x': 992.5, 'y': 1598.0}","{'height': 0, 'width': 330}","{'left': False, 'right': True, 'top': False, 'bottom': True}","{'closer_to_center_x': True, 'closer_to_center_y': False, 'closer_to_right_end': False, 'closer_to_left_end': False, 'closer_to_top': False, 'closer_to_bottom': True}",bottom,https://www.cnn.com/us,sort games in the bottom region of the window.,games | action | sort &&games | human_readable_position | bottom
5,3,form,games,sort,,frm-show-form  frm_pro_form ,form_ileoe,,"{'x': 992.5, 'y': 1598.0}","{'height': 0, 'width': 330}","{'left': False, 'right': True, 'top': False, 'bottom': True}","{'closer_to_center_x': True, 'closer_to_center_y': False, 'closer_to_right_end': False, 'closer_to_left_end': False, 'closer_to_top': False, 'closer_to_bottom': True}",bottom,https://www.cnn.com/us,sort games in the bottom region of the window.,games | action | sort &&games | human_readable_position | bottom
6,4,form,games,sort,,frm-show-form  frm_pro_form ,form_ileoe,,"{'x': 992.5, 'y': 1598.0}","{'height': 0, 'width': 330}","{'left': False, 'right': True, 'top': False, 'bottom': True}","{'closer_to_center_x': True, 'closer_to_center_y': False, 'closer_to_right_end': False, 'closer_to_left_end': False, 'closer_to_top': False, 'closer_to_bottom': True}",bottom,https://www.cnn.com/us,sort games in the bottom region of the window.,games | action | sort &&games | human_readable_position | bottom
7,5,form,games,sort,,frm-show-form  frm_pro_form ,form_ileoe,,"{'x': 992.5, 'y': 1598.0}","{'height': 0, 'width': 330}","{'left': False, 'right': True, 'top': False, 'bottom': True}","{'closer_to_center_x': True, 'closer_to_center_y': False, 'closer_to_right_end': False, 'closer_to_left_end': False, 'closer_to_top': False, 'closer_to_bottom': True}",bottom,https://www.cnn.com/us,sort games in the bottom region of the window.,games | action | sort &&games | human_readable_position | bottom
8,6,form,games,sort,,frm-show-form  frm_pro_form ,form_ileoe,,"{'x': 992.5, 'y': 1598.0}","{'height': 0, 'width': 330}","{'left': False, 'right': True, 'top': False, 'bottom': True}","{'closer_to_center_x': True, 'closer_to_center_y': False, 'closer_to_right_end': False, 'closer_to_left_end': False, 'closer_to_top': False, 'closer_to_bottom': True}",bottom,https://www.cnn.com/us,sort games in the bottom region of the window.,games | action | sort &&games | human_readable_position | bottom
9,0,input,matches,search,r,submit,frm_email_4,,"{'x': 0.0, 'y': 0.0}","{'height': 0, 'width': 0}","{'left': True, 'right': False, 'top': True, 'bottom': False}","{'closer_to_center_x': False, 'closer_to_center_y': False, 'closer_to_right_end': False, 'closer_to_left_end': True, 'closer_to_top': True, 'closer_to_bottom': False}",top_left,https://www.cnn.com/us,search matches in the top_left region of the window.,matches | action | search &&matches | human_readable_position | top_left
10,1,input,matches,search,r,submit,frm_email_4,,"{'x': 0.0, 'y': 0.0}","{'height': 0, 'width': 0}","{'left': True, 'right': False, 'top': True, 'bottom': False}","{'closer_to_center_x': False, 'closer_to_center_y': False, 'closer_to_right_end': False, 'closer_to_left_end': True, 'closer_to_top': True, 'closer_to_bottom': False}",top_left,https://www.cnn.com/us,search matches in the top_left region of the window.,matches | action | search &&matches | human_readable_position | top_left
11,2,input,matches,search,r,submit,frm_email_4,,"{'x': 0.0, 'y': 0.0}","{'height': 0, 'width': 0}","{'left': True, 'right': False, 'top': True, 'bottom': False}","{'closer_to_center_x': False, 'closer_to_center_y': False, 'closer_to_right_end': False, 'closer_to_left_end': True, 'closer_to_top': True, 'closer_to_bottom': False}",top_left,https://www.cnn.com/us,search matches in the top_left region of the window.,matches | action | search &&matches | human_readable_position | top_left
12,3,input,matches,search,r,submit,frm_email_4,,"{'x': 0.0, 'y': 0.0}","{'height': 0, 'width': 0}","{'left': True, 'right': False, 'top': True, 'bottom': False}","{'closer_to_center_x': False, 'closer_to_center_y': False, 'closer_to_right_end': False, 'closer_to_left_end': True, 'closer_to_top': True, 'closer_to_bottom': False}",top_left,https://www.cnn.com/us,search matches in the top_left region of the window.,matches | action | search &&matches | human_readable_position | top_left
13,4,input,matches,search,r,submit,frm_email_4,,"{'x': 0.0, 'y': 0.0}","{'height': 0, 'width': 0}","{'left': True, 'right': False, 'top': True, 'bottom': False}","{'closer_to_center_x': False, 'closer_to_center_y': False, 'closer_to_right_end': False, 'closer_to_left_end': True, 'closer_to_top': True, 'closer_to_bottom': False}",top_left,https://www.cnn.com/us,search matches in the top_left region of the window.,matches | action | search &&matches | human_readable_position | top_left
14,5,input,matches,search,r,submit,frm_email_4,,"{'x': 0.0, 'y': 0.0}","{'height': 0, 'width': 0}","{'left': True, 'right': False, 'top': True, 'bottom': False}","{'closer_to_center_x': False, 'closer_to_center_y': False, 'closer_to_right_end': False, 'closer_to_left_end': True, 'closer_to_top': True, 'closer_to_bottom': False}",top_left,https://www.cnn.com/us,search matches in the top_left region of the window.,matches | action | search &&matches | human_readable_position | top_left
15,6,input,matches,search,r,submit,frm_email_4,,"{'x': 0.0, 'y': 0.0}","{'height': 0, 'width': 0}","{'left': True, 'right': False, 'top': True, 'bottom': False}","{'closer_to_center_x': False, 'closer_to_center_y': False, 'closer_to_right_end': False, 'closer_to_left_end': True, 'closer_to_top': True, 'closer_to_bottom': False}",top_left,https://www.cnn.com/us,search matches in the top_left region of the window.,matches | action | search &&matches | human_readable_position | top_left
16,7,input,matches,search,r,submit,frm_email_4,,"{'x': 0.0, 'y': 0.0}","{'height': 0, 'width': 0}","{'left': True, 'right': False, 'top': True, 'bottom': False}","{'closer_to_center_x': False, 'closer_to_center_y': False, 'closer_to_right_end': False, 'closer_to_left_end': True, 'closer_to_top': True, 'closer_to_bottom': False}",top_left,https://www.cnn.com/us,search matches in the top_left region of the window.,matches | action | search &&matches | human_readable_position | top_left
17,8,input,matches,search,r,submit,frm_email_4,,"{'x': 0.0, 'y': 0.0}","{'height': 0, 'width': 0}","{'left': True, 'right': False, 'top': True, 'bottom': False}","{'closer_to_center_x': False, 'closer_to_center_y': False, 'closer_to_right_end': False, 'closer_to_left_end': True, 'closer_to_top': True, 'closer_to_bottom': False}",top_left,https://www.cnn.com/us,search matches in the top_left region of the window.,matches | action | search &&matches | human_readable_position | top_left
18,9,input,matches,search,r,submit,frm_email_4,,"{'x': 0.0, 'y': 0.0}","{'height': 0, 'width': 0}","{'left': True, 'right': False, 'top': True, 'bottom': False}","{'closer_to_center_x': False, 'closer_to_center_y': False, 'closer_to_right_end': False, 'closer_to_left_end': True, 'closer_to_top': True, 'closer_to_bottom': False}",top_left,https://www.cnn.com/us,search matches in the top_left region of the window.,matches | action | search &&matches | human_readable_position | top_left
19,10,input,matches,search,r,submit,frm_email_4,,"{'x': 0.0, 'y': 0.0}","{'height': 0, 'width': 0}","{'left': True, 'right': False, 'top': True, 'bottom': False}","{'closer_to_center_x': False, 'closer_to_center_y': False, 'closer_to_right_end': False, 'closer_to_left_end': True, 'closer_to_top': True, 'closer_to_bottom': False}",top_left,https://www.cnn.com/us,search matches in the top_left region of the window.,matches | action | search &&matches | human_readable_position | top_left
20,11,input,matches,search,r,submit,frm_email_4,,"{'x': 0.0, 'y': 0.0}","{'height': 0, 'width': 0}","{'left': True, 'right': False, 'top': True, 'bottom': False}","{'closer_to_center_x': False, 'closer_to_center_y': False, 'closer_to_right_end': False, 'closer_to_left_end': True, 'closer_to_top': True, 'closer_to_bottom': False}",top_left,https://www.cnn.com/us,search matches in the top_left region of the window.,matches | action | search &&matches | human_readable_position | top_left
21,12,input,matches,search,r,submit,frm_email_4,,"{'x': 0.0, 'y': 0.0}","{'height': 0, 'width': 0}","{'left': True, 'right': False, 'top': True, 'bottom': False}","{'closer_to_center_x': False, 'closer_to_center_y': False, 'closer_to_right_end': False, 'closer_to_left_end': True, 'closer_to_top': True, 'closer_to_bottom': False}",top_left,https://www.cnn.com/us,search matches in the top_left region of the window.,matches | action | search &&matches | human_readable_position | top_left
22,13,input,matches,search,r,submit,frm_email_4,,"{'x': 0.0, 'y': 0.0}","{'height': 0, 'width': 0}","{'left': True, 'right': False, 'top': True, 'bottom': False}","{'closer_to_center_x': False, 'closer_to_center_y': False, 'closer_to_right_end': False, 'closer_to_left_end': True, 'closer_to_top': True, 'closer_to_bottom': False}",top_left,https://www.cnn.com/us,search matches in the top_left region of the window.,matches | action | search &&matches | human_readable_position | top_left
23,14,input,matches,search,r,submit,frm_email_4,,"{'x': 0.0, 'y': 0.0}","{'height': 0, 'width': 0}","{'left': True, 'right': False, 'top': True, 'bottom': False}","{'closer_to_center_x': False, 'closer_to_center_y': False, 'closer_to_right_end': False, 'closer_to_left_end': True, 'closer_to_top': True, 'closer_to_bottom': False}",top_left,https://www.cnn.com/us,search matches in the top_left region of the window.,matches | action | search &&matches | human_readable_position | top_left
24,15,input,matches,search,r,submit,frm_email_4,,"{'x': 0.0, 'y': 0.0}","{'height': 0, 'width': 0}","{'left': True, 'right': False, 'top': True, 'bottom': False}","{'closer_to_center_x': False, 'closer_to_center_y': False, 'closer_to_right_end': False, 'closer_to_left_end': True, 'closer_to_top': True, 'closer_to_bottom': False}",top_left,https://www.cnn.com/us,search matches in the top_left region of the window.,matches | action | search &&matches | human_readable_position | top_left
25,16,input,matches,search,r,submit,frm_email_4,,"{'x': 0.0, 'y': 0.0}","{'height': 0, 'width': 0}","{'left': True, 'right': False, 'top': True, 'bottom': False}","{'closer_to_center_x': False, 'closer_to_center_y': False, 'closer_to_right_end': False, 'closer_to_left_end': True, 'closer_to_top': True, 'closer_to_bottom': False}",top_left,https://www.cnn.com/us,search matches in the top_left region of the window.,matches | action | search &&matches | human_readable_position | top_left
26,17,input,matches,search,r,submit,frm_email_4,,"{'x': 0.0, 'y': 0.0}","{'height': 0, 'width': 0}","{'left': True, 'right': False, 'top': True, 'bottom': False}","{'closer_to_center_x': False, 'closer_to_center_y': False, 'closer_to_right_end': False, 'closer_to_left_end': True, 'closer_to_top': True, 'closer_to_bottom': False}",top_left,https://www.cnn.com/us,search matches in the top_left region of the window.,matches | action | search &&matches | human_readable_position | top_left
27,18,input,matches,search,r,submit,frm_email_4,,"{'x': 0.0, 'y': 0.0}","{'height': 0, 'width': 0}","{'left': True, 'right': False, 'top': True, 'bottom': False}","{'closer_to_center_x': False, 'closer_to_center_y': False, 'closer_to_right_end': False, 'closer_to_left_end': True, 'closer_to_top': True, 'closer_to_bottom': False}",top_left,https://www.cnn.com/us,search matches in the top_left region of the window.,matches | action | search &&matches | human_readable_position | top_left
28,19,input,matches,search,r,submit,frm_email_4,,"{'x': 0.0, 'y': 0.0}","{'height': 0, 'width': 0}","{'left': True, 'right': False, 'top': True, 'bottom': False}","{'closer_to_center_x': False, 'closer_to_center_y': False, 'closer_to_right_end': False, 'closer_to_left_end': True, 'closer_to_top': True, 'closer_to_bottom': False}",top_left,https://www.cnn.com/us,search matches in the top_left region of the window.,matches | action | search &&matches | human_readable_position | top_left
29,20,input,matches,search,r,submit,frm_email_4,,"{'x': 0.0, 'y': 0.0}","{'height': 0, 'width': 0}","{'left': True, 'right': False, 'top': True, 'bottom': False}","{'closer_to_center_x': False, 'closer_to_center_y': False, 'closer_to_right_end': False, 'closer_to_left_end': True, 'closer_to_top': True, 'closer_to_bottom': False}",top_left,https://www.cnn.com/us,search matches in the top_left region of the window.,matches | action | search &&matches | human_readable_position | top_left
30,21,input,matches,search,r,submit,frm_email_4,,"{'x': 0.0, 'y': 0.0}","{'height': 0, 'width': 0}","{'left': True, 'right': False, 'top': True, 'bottom': False}","{'closer_to_center_x': False, 'closer_to_center_y': False, 'closer_to_right_end': False, 'closer_to_left_end': True, 'closer_to_top': True, 'closer_to_bottom': False}",top_left,https://www.cnn.com/us,search matches in the top_left region of the window.,matches | action | search &&matches | human_readable_position | top_left
31,22,input,matches,search,r,submit,frm_email_4,,"{'x': 0.0, 'y': 0.0}","{'height': 0, 'width': 0}","{'left': True, 'right': False, 'top': True, 'bottom': False}","{'closer_to_center_x': False, 'closer_to_center_y': False, 'closer_to_right_end': False, 'closer_to_left_end': True, 'closer_to_top': True, 'closer_to_bottom': False}",top_left,https://www.cnn.com/us,search matches in the top_left region of the window.,matches | action | search &&matches | human_readable_position | top_left
32,23,input,matches,search,r,submit,frm_email_4,,"{'x': 0.0, 'y': 0.0}","{'height': 0, 'width': 0}","{'left': True, 'right': False, 'top': True, 'bottom': False}","{'closer_to_center_x': False, 'closer_to_center_y': False, 'closer_to_right_end': False, 'closer_to_left_end': True, 'closer_to_top': True, 'closer_to_bottom': False}",top_left,https://www.cnn.com/us,search matches in the top_left region of the window.,matches | action | search &&matches | human_readable_position | top_left
33,24,input,matches,search,r,submit,frm_email_4,,"{'x': 0.0, 'y': 0.0}","{'height': 0, 'width': 0}","{'left': True, 'right': False, 'top': True, 'bottom': False}","{'closer_to_center_x': False, 'closer_to_center_y': False, 'closer_to_right_end': False, 'closer_to_left_end': True, 'closer_to_top': True, 'closer_to_bottom': False}",top_left,https://www.cnn.com/us,search matches in the top_left region of the window.,matches | action | search &&matches | human_readable_position | top_left
34,25,input,matches,search,r,submit,frm_email_4,,"{'x': 0.0, 'y': 0.0}","{'height': 0, 'width': 0}","{'left': True, 'right': False, 'top': True, 'bottom': False}","{'closer_to_center_x': False, 'closer_to_center_y': False, 'closer_to_right_end': False, 'closer_to_left_end': True, 'closer_to_top': True, 'closer_to_bottom': False}",top_left,https://www.cnn.com/us,search matches in the top_left region of the window.,matches | action | search &&matches | human_readable_position | top_left
35,26,input,matches,search,r,submit,frm_email_4,,"{'x': 0.0, 'y': 0.0}","{'height': 0, 'width': 0}","{'left': True, 'right': False, 'top': True, 'bottom': False}","{'closer_to_center_x': False, 'closer_to_center_y': False, 'closer_to_right_end': False, 'closer_to_left_end': True, 'closer_to_top': True, 'closer_to_bottom': False}",top_left,https://www.cnn.com/us,search matches in the top_left region of the window.,matches | action | search &&matches | human_readable_position | top_left
36,27,input,matches,search,r,submit,frm_email_4,,"{'x': 0.0, 'y': 0.0}","{'height': 0, 'width': 0}","{'left': True, 'right': False, 'top': True, 'bottom': False}","{'closer_to_center_x': False, 'closer_to_center_y': False, 'closer_to_right_end': False, 'closer_to_left_end': True, 'closer_to_top': True, 'closer_to_bottom': False}",top_left,https://www.cnn.com/us,search matches in the top_left region of the window.,matches | action | search &&matches | human_readable_position | top_left
37,28,input,matches,search,r,submit,frm_email_4,,"{'x': 0.0, 'y': 0.0}","{'height': 0, 'width': 0}","{'left': True, 'right': False, 'top': True, 'bottom': False}","{'closer_to_center_x': False, 'closer_to_center_y': False, 'closer_to_right_end': False, 'closer_to_left_end': True, 'closer_to_top': True, 'closer_to_bottom': False}",top_left,https://www.cnn.com/us,search matches in the top_left region of the window.,matches | action | search &&matches | human_readable_position | top_left
38,29,input,matches,search,r,submit,frm_email_4,,"{'x': 0.0, 'y': 0.0}","{'height': 0, 'width': 0}","{'left': True, 'right': False, 'top': True, 'bottom': False}","{'closer_to_center_x': False, 'closer_to_center_y': False, 'closer_to_right_end': False, 'closer_to_left_end': True, 'closer_to_top': True, 'closer_to_bottom': False}",top_left,https://www.cnn.com/us,search matches in the top_left region of the window.,matches | action | search &&matches | human_readable_position | top_left
39,0,nav,hotels,search,,woocommerce-breadcrumb,,HOME / CATEGORY / ACCESSORIES,"{'x': 667.0, 'y': 512.0}","{'height': 19, 'width': 1319}","{'left': True, 'right': False, 'top': False, 'bottom': True}","{'closer_to_center_x': True, 'closer_to_center_y': False, 'closer_to_right_end': False, 'closer_to_left_end': False, 'closer_to_top': False, 'closer_to_bottom': True}",bottom,https://www.cnn.com/us,search hotels in the bottom region of the window.,hotels | action | search &&hotels | human_readable_position | bottom
40,1,nav,hotels,search,,woocommerce-breadcrumb,,HOME / CATEGORY / ACCESSORIES,"{'x': 667.0, 'y': 512.0}","{'height': 19, 'width': 1319}","{'left': True, 'right': False, 'top': False, 'bottom': True}","{'closer_to_center_x': True, 'closer_to_center_y': False, 'closer_to_right_end': False, 'closer_to_left_end': False, 'closer_to_top': False, 'closer_to_bottom': True}",bottom,https://www.cnn.com/us,search hotels in the bottom region of the window.,hotels | action | search &&hotels | human_readable_position | bottom
41,0,section,games,sort,,,,"One Small Step
Please check the box below to access the site
Don't worry - you're one click away from continuing your normal visit.
We're dedicated to keeping Fiverr safe from malicious visitors. Something in your behavior has triggered our protection systems - we apologise for any inconvenience this process may have caused.
Ad blocking or ad filtering software may interfere with our ability to identify you as human. Please exclude fiverr.com.
Modifying your headers or user agent string may trigger some of our detection tools. Make sure you don't have any browser extensions tampering with those.
Make sure JavaScript is enabled in your browser.
If you're still having trouble accessing the site, please contact Customer Support","{'x': 504.0, 'y': 26.5}","{'height': 607, 'width': 666}","{'left': True, 'right': False, 'top': True, 'bottom': False}","{'closer_to_center_x': True, 'closer_to_center_y': False, 'closer_to_right_end': False, 'closer_to_left_end': False, 'closer_to_top': True, 'closer_to_bottom': False}",top,https://www.cnn.com/us,sort games in the top region of the window.,games | action | sort &&games | human_readable_position | top
42,0,input,homes,search,filter-by-difficulty,gamut-1hac4vs-dummyInput,filter-by-difficulty,,"{'x': 0.0, 'y': 0.0}","{'height': 0, 'width': 0}","{'left': True, 'right': False, 'top': True, 'bottom': False}","{'closer_to_center_x': False, 'closer_to_center_y': False, 'closer_to_right_end': False, 'closer_to_left_end': True, 'closer_to_top': True, 'closer_to_bottom': False}",top_left,https://www.cnn.com/us,search homes in the top_left region of the window.,homes | action | search &&homes | human_readable_position | top_left
43,1,input,homes,search,filter-by-difficulty,gamut-1hac4vs-dummyInput,filter-by-difficulty,,"{'x': 0.0, 'y': 0.0}","{'height': 0, 'width': 0}","{'left': True, 'right': False, 'top': True, 'bottom': False}","{'closer_to_center_x': False, 'closer_to_center_y': False, 'closer_to_right_end': False, 'closer_to_left_end': True, 'closer_to_top': True, 'closer_to_bottom': False}",top_left,https://www.cnn.com/us,search homes in the top_left region of the window.,homes | action | search &&homes | human_readable_position | top_left
44,2,input,homes,search,filter-by-difficulty,gamut-1hac4vs-dummyInput,filter-by-difficulty,,"{'x': 0.0, 'y': 0.0}","{'height': 0, 'width': 0}","{'left': True, 'right': False, 'top': True, 'bottom': False}","{'closer_to_center_x': False, 'closer_to_center_y': False, 'closer_to_right_end': False, 'closer_to_left_end': True, 'closer_to_top': True, 'closer_to_bottom': False}",top_left,https://www.cnn.com/us,search homes in the top_left region of the window.,homes | action | search &&homes | human_readable_position | top_left
45,3,input,homes,search,filter-by-difficulty,gamut-1hac4vs-dummyInput,filter-by-difficulty,,"{'x': 0.0, 'y': 0.0}","{'height': 0, 'width': 0}","{'left': True, 'right': False, 'top': True, 'bottom': False}","{'closer_to_center_x': False, 'closer_to_center_y': False, 'closer_to_right_end': False, 'closer_to_left_end': True, 'closer_to_top': True, 'closer_to_bottom': False}",top_left,https://www.cnn.com/us,search homes in the top_left region of the window.,homes | action | search &&homes | human_readable_position | top_left
46,4,input,homes,search,filter-by-difficulty,gamut-1hac4vs-dummyInput,filter-by-difficulty,,"{'x': 0.0, 'y': 0.0}","{'height': 0, 'width': 0}","{'left': True, 'right': False, 'top': True, 'bottom': False}","{'closer_to_center_x': False, 'closer_to_center_y': False, 'closer_to_right_end': False, 'closer_to_left_end': True, 'closer_to_top': True, 'closer_to_bottom': False}",top_left,https://www.cnn.com/us,search homes in the top_left region of the window.,homes | action | search &&homes | human_readable_position | top_left
47,5,input,homes,search,filter-by-difficulty,gamut-1hac4vs-dummyInput,filter-by-difficulty,,"{'x': 0.0, 'y': 0.0}","{'height': 0, 'width': 0}","{'left': True, 'right': False, 'top': True, 'bottom': False}","{'closer_to_center_x': False, 'closer_to_center_y': False, 'closer_to_right_end': False, 'closer_to_left_end': True, 'closer_to_top': True, 'closer_to_bottom': False}",top_left,https://www.cnn.com/us,search homes in the top_left region of the window.,homes | action | search &&homes | human_readable_position | top_left
48,0,nav,deals,sort,,gamut-1x4ht62 e6tmatg1,,"Catalog/
Python","{'x': 455.0, 'y': 72.0}","{'height': 24, 'width': 525}","{'left': True, 'right': False, 'top': True, 'bottom': False}","{'closer_to_center_x': True, 'closer_to_center_y': False, 'closer_to_right_end': False, 'closer_to_left_end': False, 'closer_to_top': True, 'closer_to_bottom': False}",top,https://www.cnn.com/us,sort deals in the top region of the window.,deals | action | sort &&deals | human_readable_position | top
49,1,nav,deals,sort,,gamut-1x4ht62 e6tmatg1,,"Catalog/
Python","{'x': 455.0, 'y': 72.0}","{'height': 24, 'width': 525}","{'left': True, 'right': False, 'top': True, 'bottom': False}","{'closer_to_center_x': True, 'closer_to_center_y': False, 'closer_to_right_end': False, 'closer_to_left_end': False, 'closer_to_top': True, 'closer_to_bottom': False}",top,https://www.cnn.com/us,sort deals in the top region of the window.,deals | action | sort &&deals | human_readable_position | top
50,2,nav,deals,sort,,gamut-1x4ht62 e6tmatg1,,"Catalog/
Python","{'x': 455.0, 'y': 72.0}","{'height': 24, 'width': 525}","{'left': True, 'right': False, 'top': True, 'bottom': False}","{'closer_to_center_x': True, 'closer_to_center_y': False, 'closer_to_right_end': False, 'closer_to_left_end': False, 'closer_to_top': True, 'closer_to_bottom': False}",top,https://www.cnn.com/us,sort deals in the top region of the window.,deals | action | sort &&deals | human_readable_position | top
51,3,nav,deals,sort,,gamut-1x4ht62 e6tmatg1,,"Catalog/
Python","{'x': 455.0, 'y': 72.0}","{'height': 24, 'width': 525}","{'left': True, 'right': False, 'top': True, 'bottom': False}","{'closer_to_center_x': True, 'closer_to_center_y': False, 'closer_to_right_end': False, 'closer_to_left_end': False, 'closer_to_top': True, 'closer_to_bottom': False}",top,https://www.cnn.com/us,sort deals in the top region of the window.,deals | action | sort &&deals | human_readable_position | top
52,0,form,games,search,,ud-search-form-autocomplete-input-group ud-search-form-autocomplete-input-group-reversed,,,"{'x': 443.5, 'y': 29.5}","{'height': 46, 'width': 661}","{'left': True, 'right': False, 'top': True, 'bottom': False}","{'closer_to_center_x': True, 'closer_to_center_y': False, 'closer_to_right_end': False, 'closer_to_left_end': False, 'closer_to_top': True, 'closer_to_bottom': False}",top,https://www.cnn.com/us,search games in the top region of the window.,games | action | search &&games | human_readable_position | top
53,0,input,games,filter,switch,category-filter-handler,chkbox-id,,"{'x': 0.0, 'y': 0.0}","{'height': 0, 'width': 0}","{'left': True, 'right': False, 'top': True, 'bottom': False}","{'closer_to_center_x': False, 'closer_to_center_y': False, 'closer_to_right_end': False, 'closer_to_left_end': True, 'closer_to_top': True, 'closer_to_bottom': False}",top_left,https://www.cnn.com/us,filter games in the top_left region of the window.,games | action | filter &&games | human_readable_position | top_left
54,1,input,games,filter,switch,category-filter-handler,chkbox-id,,"{'x': 0.0, 'y': 0.0}","{'height': 0, 'width': 0}","{'left': True, 'right': False, 'top': True, 'bottom': False}","{'closer_to_center_x': False, 'closer_to_center_y': False, 'closer_to_right_end': False, 'closer_to_left_end': True, 'closer_to_top': True, 'closer_to_bottom': False}",top_left,https://www.cnn.com/us,filter games in the top_left region of the window.,games | action | filter &&games | human_readable_position | top_left
55,2,input,games,filter,switch,category-filter-handler,chkbox-id,,"{'x': 0.0, 'y': 0.0}","{'height': 0, 'width': 0}","{'left': True, 'right': False, 'top': True, 'bottom': False}","{'closer_to_center_x': False, 'closer_to_center_y': False, 'closer_to_right_end': False, 'closer_to_left_end': True, 'closer_to_top': True, 'closer_to_bottom': False}",top_left,https://www.cnn.com/us,filter games in the top_left region of the window.,games | action | filter &&games | human_readable_position | top_left
56,3,input,games,filter,switch,category-filter-handler,chkbox-id,,"{'x': 0.0, 'y': 0.0}","{'height': 0, 'width': 0}","{'left': True, 'right': False, 'top': True, 'bottom': False}","{'closer_to_center_x': False, 'closer_to_center_y': False, 'closer_to_right_end': False, 'closer_to_left_end': True, 'closer_to_top': True, 'closer_to_bottom': False}",top_left,https://www.cnn.com/us,filter games in the top_left region of the window.,games | action | filter &&games | human_readable_position | top_left
57,4,input,games,filter,switch,category-filter-handler,chkbox-id,,"{'x': 0.0, 'y': 0.0}","{'height': 0, 'width': 0}","{'left': True, 'right': False, 'top': True, 'bottom': False}","{'closer_to_center_x': False, 'closer_to_center_y': False, 'closer_to_right_end': False, 'closer_to_left_end': True, 'closer_to_top': True, 'closer_to_bottom': False}",top_left,https://www.cnn.com/us,filter games in the top_left region of the window.,games | action | filter &&games | human_readable_position | top_left
58,5,input,games,filter,switch,category-filter-handler,chkbox-id,,"{'x': 0.0, 'y': 0.0}","{'height': 0, 'width': 0}","{'left': True, 'right': False, 'top': True, 'bottom': False}","{'closer_to_center_x': False, 'closer_to_center_y': False, 'closer_to_right_end': False, 'closer_to_left_end': True, 'closer_to_top': True, 'closer_to_bottom': False}",top_left,https://www.cnn.com/us,filter games in the top_left region of the window.,games | action | filter &&games | human_readable_position | top_left
59,6,input,games,filter,switch,category-filter-handler,chkbox-id,,"{'x': 0.0, 'y': 0.0}","{'height': 0, 'width': 0}","{'left': True, 'right': False, 'top': True, 'bottom': False}","{'closer_to_center_x': False, 'closer_to_center_y': False, 'closer_to_right_end': False, 'closer_to_left_end': True, 'closer_to_top': True, 'closer_to_bottom': False}",top_left,https://www.cnn.com/us,filter games in the top_left region of the window.,games | action | filter &&games | human_readable_position | top_left
60,7,input,games,filter,switch,category-filter-handler,chkbox-id,,"{'x': 0.0, 'y': 0.0}","{'height': 0, 'width': 0}","{'left': True, 'right': False, 'top': True, 'bottom': False}","{'closer_to_center_x': False, 'closer_to_center_y': False, 'closer_to_right_end': False, 'closer_to_left_end': True, 'closer_to_top': True, 'closer_to_bottom': False}",top_left,https://www.cnn.com/us,filter games in the top_left region of the window.,games | action | filter &&games | human_readable_position | top_left
61,8,input,games,filter,switch,category-filter-handler,chkbox-id,,"{'x': 0.0, 'y': 0.0}","{'height': 0, 'width': 0}","{'left': True, 'right': False, 'top': True, 'bottom': False}","{'closer_to_center_x': False, 'closer_to_center_y': False, 'closer_to_right_end': False, 'closer_to_left_end': True, 'closer_to_top': True, 'closer_to_bottom': False}",top_left,https://www.cnn.com/us,filter games in the top_left region of the window.,games | action | filter &&games | human_readable_position | top_left
62,9,input,games,filter,switch,category-filter-handler,chkbox-id,,"{'x': 0.0, 'y': 0.0}","{'height': 0, 'width': 0}","{'left': True, 'right': False, 'top': True, 'bottom': False}","{'closer_to_center_x': False, 'closer_to_center_y': False, 'closer_to_right_end': False, 'closer_to_left_end': True, 'closer_to_top': True, 'closer_to_bottom': False}",top_left,https://www.cnn.com/us,filter games in the top_left region of the window.,games | action | filter &&games | human_readable_position | top_left
63,10,input,games,filter,switch,category-filter-handler,chkbox-id,,"{'x': 0.0, 'y': 0.0}","{'height': 0, 'width': 0}","{'left': True, 'right': False, 'top': True, 'bottom': False}","{'closer_to_center_x': False, 'closer_to_center_y': False, 'closer_to_right_end': False, 'closer_to_left_end': True, 'closer_to_top': True, 'closer_to_bottom': False}",top_left,https://www.cnn.com/us,filter games in the top_left region of the window.,games | action | filter &&games | human_readable_position | top_left
64,0,nav,homes,sort,,popper--popper--1zOlT header--gap-button--1p5bX,,,"{'x': 0.0, 'y': 302.0}","{'height': 604, 'width': 280}","{'left': True, 'right': False, 'top': False, 'bottom': False}","{'closer_to_center_x': False, 'closer_to_center_y': True, 'closer_to_right_end': False, 'closer_to_left_end': True, 'closer_to_top': False, 'closer_to_bottom': False}",left,https://www.cnn.com/us,sort homes in the left region of the window.,homes | action | sort &&homes | human_readable_position | left
65,1,nav,homes,sort,,popper--popper--1zOlT header--gap-button--1p5bX,,,"{'x': 0.0, 'y': 302.0}","{'height': 604, 'width': 280}","{'left': True, 'right': False, 'top': False, 'bottom': False}","{'closer_to_center_x': False, 'closer_to_center_y': True, 'closer_to_right_end': False, 'closer_to_left_end': True, 'closer_to_top': False, 'closer_to_bottom': False}",left,https://www.cnn.com/us,sort homes in the left region of the window.,homes | action | sort &&homes | human_readable_position | left
66,0,section,deals,filter,,ot-host-cnt ot-pc-scrollbar,ot-lst-cnt,,"{'x': 0.0, 'y': 91.5}","{'height': 0, 'width': 0}","{'left': True, 'right': False, 'top': True, 'bottom': False}","{'closer_to_center_x': False, 'closer_to_center_y': False, 'closer_to_right_end': False, 'closer_to_left_end': True, 'closer_to_top': True, 'closer_to_bottom': False}",top_left,https://www.cnn.com/us,filter deals in the top_left region of the window.,deals | action | filter &&deals | human_readable_position | top_left
67,1,section,deals,filter,,ot-host-cnt ot-pc-scrollbar,ot-lst-cnt,,"{'x': 0.0, 'y': 91.5}","{'height': 0, 'width': 0}","{'left': True, 'right': False, 'top': True, 'bottom': False}","{'closer_to_center_x': False, 'closer_to_center_y': False, 'closer_to_right_end': False, 'closer_to_left_end': True, 'closer_to_top': True, 'closer_to_bottom': False}",top_left,https://www.cnn.com/us,filter deals in the top_left region of the window.,deals | action | filter &&deals | human_readable_position | top_left
68,2,section,deals,filter,,ot-host-cnt ot-pc-scrollbar,ot-lst-cnt,,"{'x': 0.0, 'y': 91.5}","{'height': 0, 'width': 0}","{'left': True, 'right': False, 'top': True, 'bottom': False}","{'closer_to_center_x': False, 'closer_to_center_y': False, 'closer_to_right_end': False, 'closer_to_left_end': True, 'closer_to_top': True, 'closer_to_bottom': False}",top_left,https://www.cnn.com/us,filter deals in the top_left region of the window.,deals | action | filter &&deals | human_readable_position | top_left
69,3,section,deals,filter,,ot-host-cnt ot-pc-scrollbar,ot-lst-cnt,,"{'x': 0.0, 'y': 91.5}","{'height': 0, 'width': 0}","{'left': True, 'right': False, 'top': True, 'bottom': False}","{'closer_to_center_x': False, 'closer_to_center_y': False, 'closer_to_right_end': False, 'closer_to_left_end': True, 'closer_to_top': True, 'closer_to_bottom': False}",top_left,https://www.cnn.com/us,filter deals in the top_left region of the window.,deals | action | filter &&deals | human_readable_position | top_left
70,4,section,deals,filter,,ot-host-cnt ot-pc-scrollbar,ot-lst-cnt,,"{'x': 0.0, 'y': 91.5}","{'height': 0, 'width': 0}","{'left': True, 'right': False, 'top': True, 'bottom': False}","{'closer_to_center_x': False, 'closer_to_center_y': False, 'closer_to_right_end': False, 'closer_to_left_end': True, 'closer_to_top': True, 'closer_to_bottom': False}",top_left,https://www.cnn.com/us,filter deals in the top_left region of the window.,deals | action | filter &&deals | human_readable_position | top_left
71,5,section,deals,filter,,ot-host-cnt ot-pc-scrollbar,ot-lst-cnt,,"{'x': 0.0, 'y': 91.5}","{'height': 0, 'width': 0}","{'left': True, 'right': False, 'top': True, 'bottom': False}","{'closer_to_center_x': False, 'closer_to_center_y': False, 'closer_to_right_end': False, 'closer_to_left_end': True, 'closer_to_top': True, 'closer_to_bottom': False}",top_left,https://www.cnn.com/us,filter deals in the top_left region of the window.,deals | action | filter &&deals | human_readable_position | top_left
72,6,section,deals,filter,,ot-host-cnt ot-pc-scrollbar,ot-lst-cnt,,"{'x': 0.0, 'y': 91.5}","{'height': 0, 'width': 0}","{'left': True, 'right': False, 'top': True, 'bottom': False}","{'closer_to_center_x': False, 'closer_to_center_y': False, 'closer_to_right_end': False, 'closer_to_left_end': True, 'closer_to_top': True, 'closer_to_bottom': False}",top_left,https://www.cnn.com/us,filter deals in the top_left region of the window.,deals | action | filter &&deals | human_readable_position | top_left
73,7,section,deals,filter,,ot-host-cnt ot-pc-scrollbar,ot-lst-cnt,,"{'x': 0.0, 'y': 91.5}","{'height': 0, 'width': 0}","{'left': True, 'right': False, 'top': True, 'bottom': False}","{'closer_to_center_x': False, 'closer_to_center_y': False, 'closer_to_right_end': False, 'closer_to_left_end': True, 'closer_to_top': True, 'closer_to_bottom': False}",top_left,https://www.cnn.com/us,filter deals in the top_left region of the window.,deals | action | filter &&deals | human_readable_position | top_left
74,8,section,deals,filter,,ot-host-cnt ot-pc-scrollbar,ot-lst-cnt,,"{'x': 0.0, 'y': 91.5}","{'height': 0, 'width': 0}","{'left': True, 'right': False, 'top': True, 'bottom': False}","{'closer_to_center_x': False, 'closer_to_center_y': False, 'closer_to_right_end': False, 'closer_to_left_end': True, 'closer_to_top': True, 'closer_to_bottom': False}",top_left,https://www.cnn.com/us,filter deals in the top_left region of the window.,deals | action | filter &&deals | human_readable_position | top_left
75,9,section,deals,filter,,ot-host-cnt ot-pc-scrollbar,ot-lst-cnt,,"{'x': 0.0, 'y': 91.5}","{'height': 0, 'width': 0}","{'left': True, 'right': False, 'top': True, 'bottom': False}","{'closer_to_center_x': False, 'closer_to_center_y': False, 'closer_to_right_end': False, 'closer_to_left_end': True, 'closer_to_top': True, 'closer_to_bottom': False}",top_left,https://www.cnn.com/us,filter deals in the top_left region of the window.,deals | action | filter &&deals | human_readable_position | top_left
76,0,form,jobs,sort,q,search-bar__form,,Search,"{'x': 658.5, 'y': 3322.0}","{'height': 38, 'width': 1285}","{'left': True, 'right': False, 'top': False, 'bottom': True}","{'closer_to_center_x': True, 'closer_to_center_y': False, 'closer_to_right_end': False, 'closer_to_left_end': False, 'closer_to_top': False, 'closer_to_bottom': True}",bottom,https://www.cnn.com/us,sort jobs in the bottom region of the window.,jobs | action | sort &&jobs | human_readable_position | bottom
77,1,form,jobs,sort,q,search-bar__form,,Search,"{'x': 658.5, 'y': 3322.0}","{'height': 38, 'width': 1285}","{'left': True, 'right': False, 'top': False, 'bottom': True}","{'closer_to_center_x': True, 'closer_to_center_y': False, 'closer_to_right_end': False, 'closer_to_left_end': False, 'closer_to_top': False, 'closer_to_bottom': True}",bottom,https://www.cnn.com/us,sort jobs in the bottom region of the window.,jobs | action | sort &&jobs | human_readable_position | bottom
78,2,form,jobs,sort,q,search-bar__form,,Search,"{'x': 658.5, 'y': 3322.0}","{'height': 38, 'width': 1285}","{'left': True, 'right': False, 'top': False, 'bottom': True}","{'closer_to_center_x': True, 'closer_to_center_y': False, 'closer_to_right_end': False, 'closer_to_left_end': False, 'closer_to_top': False, 'closer_to_bottom': True}",bottom,https://www.cnn.com/us,sort jobs in the bottom region of the window.,jobs | action | sort &&jobs | human_readable_position | bottom
79,0,input,hotels,filter,switch,category-filter-handler,select-all-vendor-leg-handler,,"{'x': 0.0, 'y': 91.5}","{'height': 0, 'width': 0}","{'left': True, 'right': False, 'top': True, 'bottom': False}","{'closer_to_center_x': False, 'closer_to_center_y': False, 'closer_to_right_end': False, 'closer_to_left_end': True, 'closer_to_top': True, 'closer_to_bottom': False}",top_left,https://www.cnn.com/us,filter hotels in the top_left region of the window.,hotels | action | filter &&hotels | human_readable_position | top_left
80,1,input,hotels,filter,switch,category-filter-handler,select-all-vendor-leg-handler,,"{'x': 0.0, 'y': 91.5}","{'height': 0, 'width': 0}","{'left': True, 'right': False, 'top': True, 'bottom': False}","{'closer_to_center_x': False, 'closer_to_center_y': False, 'closer_to_right_end': False, 'closer_to_left_end': True, 'closer_to_top': True, 'closer_to_bottom': False}",top_left,https://www.cnn.com/us,filter hotels in the top_left region of the window.,hotels | action | filter &&hotels | human_readable_position | top_left
81,2,input,hotels,filter,switch,category-filter-handler,select-all-vendor-leg-handler,,"{'x': 0.0, 'y': 91.5}","{'height': 0, 'width': 0}","{'left': True, 'right': False, 'top': True, 'bottom': False}","{'closer_to_center_x': False, 'closer_to_center_y': False, 'closer_to_right_end': False, 'closer_to_left_end': True, 'closer_to_top': True, 'closer_to_bottom': False}",top_left,https://www.cnn.com/us,filter hotels in the top_left region of the window.,hotels | action | filter &&hotels | human_readable_position | top_left
82,3,input,hotels,filter,switch,category-filter-handler,select-all-vendor-leg-handler,,"{'x': 0.0, 'y': 91.5}","{'height': 0, 'width': 0}","{'left': True, 'right': False, 'top': True, 'bottom': False}","{'closer_to_center_x': False, 'closer_to_center_y': False, 'closer_to_right_end': False, 'closer_to_left_end': True, 'closer_to_top': True, 'closer_to_bottom': False}",top_left,https://www.cnn.com/us,filter hotels in the top_left region of the window.,hotels | action | filter &&hotels | human_readable_position | top_left
83,4,input,hotels,filter,switch,category-filter-handler,select-all-vendor-leg-handler,,"{'x': 0.0, 'y': 91.5}","{'height': 0, 'width': 0}","{'left': True, 'right': False, 'top': True, 'bottom': False}","{'closer_to_center_x': False, 'closer_to_center_y': False, 'closer_to_right_end': False, 'closer_to_left_end': True, 'closer_to_top': True, 'closer_to_bottom': False}",top_left,https://www.cnn.com/us,filter hotels in the top_left region of the window.,hotels | action | filter &&hotels | human_readable_position | top_left
84,5,input,hotels,filter,switch,category-filter-handler,select-all-vendor-leg-handler,,"{'x': 0.0, 'y': 91.5}","{'height': 0, 'width': 0}","{'left': True, 'right': False, 'top': True, 'bottom': False}","{'closer_to_center_x': False, 'closer_to_center_y': False, 'closer_to_right_end': False, 'closer_to_left_end': True, 'closer_to_top': True, 'closer_to_bottom': False}",top_left,https://www.cnn.com/us,filter hotels in the top_left region of the window.,hotels | action | filter &&hotels | human_readable_position | top_left
85,6,input,hotels,filter,switch,category-filter-handler,select-all-vendor-leg-handler,,"{'x': 0.0, 'y': 91.5}","{'height': 0, 'width': 0}","{'left': True, 'right': False, 'top': True, 'bottom': False}","{'closer_to_center_x': False, 'closer_to_center_y': False, 'closer_to_right_end': False, 'closer_to_left_end': True, 'closer_to_top': True, 'closer_to_bottom': False}",top_left,https://www.cnn.com/us,filter hotels in the top_left region of the window.,hotels | action | filter &&hotels | human_readable_position | top_left
86,7,input,hotels,filter,switch,category-filter-handler,select-all-vendor-leg-handler,,"{'x': 0.0, 'y': 91.5}","{'height': 0, 'width': 0}","{'left': True, 'right': False, 'top': True, 'bottom': False}","{'closer_to_center_x': False, 'closer_to_center_y': False, 'closer_to_right_end': False, 'closer_to_left_end': True, 'closer_to_top': True, 'closer_to_bottom': False}",top_left,https://www.cnn.com/us,filter hotels in the top_left region of the window.,hotels | action | filter &&hotels | human_readable_position | top_left
87,8,input,hotels,filter,switch,category-filter-handler,select-all-vendor-leg-handler,,"{'x': 0.0, 'y': 91.5}","{'height': 0, 'width': 0}","{'left': True, 'right': False, 'top': True, 'bottom': False}","{'closer_to_center_x': False, 'closer_to_center_y': False, 'closer_to_right_end': False, 'closer_to_left_end': True, 'closer_to_top': True, 'closer_to_bottom': False}",top_left,https://www.cnn.com/us,filter hotels in the top_left region of the window.,hotels | action | filter &&hotels | human_readable_position | top_left
88,9,input,hotels,filter,switch,category-filter-handler,select-all-vendor-leg-handler,,"{'x': 0.0, 'y': 91.5}","{'height': 0, 'width': 0}","{'left': True, 'right': False, 'top': True, 'bottom': False}","{'closer_to_center_x': False, 'closer_to_center_y': False, 'closer_to_right_end': False, 'closer_to_left_end': True, 'closer_to_top': True, 'closer_to_bottom': False}",top_left,https://www.cnn.com/us,filter hotels in the top_left region of the window.,hotels | action | filter &&hotels | human_readable_position | top_left
89,10,input,hotels,filter,switch,category-filter-handler,select-all-vendor-leg-handler,,"{'x': 0.0, 'y': 91.5}","{'height': 0, 'width': 0}","{'left': True, 'right': False, 'top': True, 'bottom': False}","{'closer_to_center_x': False, 'closer_to_center_y': False, 'closer_to_right_end': False, 'closer_to_left_end': True, 'closer_to_top': True, 'closer_to_bottom': False}",top_left,https://www.cnn.com/us,filter hotels in the top_left region of the window.,hotels | action | filter &&hotels | human_readable_position | top_left
90,11,input,hotels,filter,switch,category-filter-handler,select-all-vendor-leg-handler,,"{'x': 0.0, 'y': 91.5}","{'height': 0, 'width': 0}","{'left': True, 'right': False, 'top': True, 'bottom': False}","{'closer_to_center_x': False, 'closer_to_center_y': False, 'closer_to_right_end': False, 'closer_to_left_end': True, 'closer_to_top': True, 'closer_to_bottom': False}",top_left,https://www.cnn.com/us,filter hotels in the top_left region of the window.,hotels | action | filter &&hotels | human_readable_position | top_left
91,12,input,hotels,filter,switch,category-filter-handler,select-all-vendor-leg-handler,,"{'x': 0.0, 'y': 91.5}","{'height': 0, 'width': 0}","{'left': True, 'right': False, 'top': True, 'bottom': False}","{'closer_to_center_x': False, 'closer_to_center_y': False, 'closer_to_right_end': False, 'closer_to_left_end': True, 'closer_to_top': True, 'closer_to_bottom': False}",top_left,https://www.cnn.com/us,filter hotels in the top_left region of the window.,hotels | action | filter &&hotels | human_readable_position | top_left
92,13,input,hotels,filter,switch,category-filter-handler,select-all-vendor-leg-handler,,"{'x': 0.0, 'y': 91.5}","{'height': 0, 'width': 0}","{'left': True, 'right': False, 'top': True, 'bottom': False}","{'closer_to_center_x': False, 'closer_to_center_y': False, 'closer_to_right_end': False, 'closer_to_left_end': True, 'closer_to_top': True, 'closer_to_bottom': False}",top_left,https://www.cnn.com/us,filter hotels in the top_left region of the window.,hotels | action | filter &&hotels | human_readable_position | top_left
93,14,input,hotels,filter,switch,category-filter-handler,select-all-vendor-leg-handler,,"{'x': 0.0, 'y': 91.5}","{'height': 0, 'width': 0}","{'left': True, 'right': False, 'top': True, 'bottom': False}","{'closer_to_center_x': False, 'closer_to_center_y': False, 'closer_to_right_end': False, 'closer_to_left_end': True, 'closer_to_top': True, 'closer_to_bottom': False}",top_left,https://www.cnn.com/us,filter hotels in the top_left region of the window.,hotels | action | filter &&hotels | human_readable_position | top_left
94,15,input,hotels,filter,switch,category-filter-handler,select-all-vendor-leg-handler,,"{'x': 0.0, 'y': 91.5}","{'height': 0, 'width': 0}","{'left': True, 'right': False, 'top': True, 'bottom': False}","{'closer_to_center_x': False, 'closer_to_center_y': False, 'closer_to_right_end': False, 'closer_to_left_end': True, 'closer_to_top': True, 'closer_to_bottom': False}",top_left,https://www.cnn.com/us,filter hotels in the top_left region of the window.,hotels | action | filter &&hotels | human_readable_position | top_left
95,16,input,hotels,filter,switch,category-filter-handler,select-all-vendor-leg-handler,,"{'x': 0.0, 'y': 91.5}","{'height': 0, 'width': 0}","{'left': True, 'right': False, 'top': True, 'bottom': False}","{'closer_to_center_x': False, 'closer_to_center_y': False, 'closer_to_right_end': False, 'closer_to_left_end': True, 'closer_to_top': True, 'closer_to_bottom': False}",top_left,https://www.cnn.com/us,filter hotels in the top_left region of the window.,hotels | action | filter &&hotels | human_readable_position | top_left
96,17,input,hotels,filter,switch,category-filter-handler,select-all-vendor-leg-handler,,"{'x': 0.0, 'y': 91.5}","{'height': 0, 'width': 0}","{'left': True, 'right': False, 'top': True, 'bottom': False}","{'closer_to_center_x': False, 'closer_to_center_y': False, 'closer_to_right_end': False, 'closer_to_left_end': True, 'closer_to_top': True, 'closer_to_bottom': False}",top_left,https://www.cnn.com/us,filter hotels in the top_left region of the window.,hotels | action | filter &&hotels | human_readable_position | top_left
97,18,input,hotels,filter,switch,category-filter-handler,select-all-vendor-leg-handler,,"{'x': 0.0, 'y': 91.5}","{'height': 0, 'width': 0}","{'left': True, 'right': False, 'top': True, 'bottom': False}","{'closer_to_center_x': False, 'closer_to_center_y': False, 'closer_to_right_end': False, 'closer_to_left_end': True, 'closer_to_top': True, 'closer_to_bottom': False}",top_left,https://www.cnn.com/us,filter hotels in the top_left region of the window.,hotels | action | filter &&hotels | human_readable_position | top_left
98,19,input,hotels,filter,switch,category-filter-handler,select-all-vendor-leg-handler,,"{'x': 0.0, 'y': 91.5}","{'height': 0, 'width': 0}","{'left': True, 'right': False, 'top': True, 'bottom': False}","{'closer_to_center_x': False, 'closer_to_center_y': False, 'closer_to_right_end': False, 'closer_to_left_end': True, 'closer_to_top': True, 'closer_to_bottom': False}",top_left,https://www.cnn.com/us,filter hotels in the top_left region of the window.,hotels | action | filter &&hotels | human_readable_position | top_left
99,20,input,hotels,filter,switch,category-filter-handler,select-all-vendor-leg-handler,,"{'x': 0.0, 'y': 91.5}","{'height': 0, 'width': 0}","{'left': True, 'right': False, 'top': True, 'bottom': False}","{'closer_to_center_x': False, 'closer_to_center_y': False, 'closer_to_right_end': False, 'closer_to_left_end': True, 'closer_to_top': True, 'closer_to_bottom': False}",top_left,https://www.cnn.com/us,filter hotels in the top_left region of the window.,hotels | action | filter &&hotels | human_readable_position | top_left
100,21,input,hotels,filter,switch,category-filter-handler,select-all-vendor-leg-handler,,"{'x': 0.0, 'y': 91.5}","{'height': 0, 'width': 0}","{'left': True, 'right': False, 'top': True, 'bottom': False}","{'closer_to_center_x': False, 'closer_to_center_y': False, 'closer_to_right_end': False, 'closer_to_left_end': True, 'closer_to_top': True, 'closer_to_bottom': False}",top_left,https://www.cnn.com/us,filter hotels in the top_left region of the window.,hotels | action | filter &&hotels | human_readable_position | top_left
101,22,input,hotels,filter,switch,category-filter-handler,select-all-vendor-leg-handler,,"{'x': 0.0, 'y': 91.5}","{'height': 0, 'width': 0}","{'left': True, 'right': False, 'top': True, 'bottom': False}","{'closer_to_center_x': False, 'closer_to_center_y': False, 'closer_to_right_end': False, 'closer_to_left_end': True, 'closer_to_top': True, 'closer_to_bottom': False}",top_left,https://www.cnn.com/us,filter hotels in the top_left region of the window.,hotels | action | filter &&hotels | human_readable_position | top_left
102,23,input,hotels,filter,switch,category-filter-handler,select-all-vendor-leg-handler,,"{'x': 0.0, 'y': 91.5}","{'height': 0, 'width': 0}","{'left': True, 'right': False, 'top': True, 'bottom': False}","{'closer_to_center_x': False, 'closer_to_center_y': False, 'closer_to_right_end': False, 'closer_to_left_end': True, 'closer_to_top': True, 'closer_to_bottom': False}",top_left,https://www.cnn.com/us,filter hotels in the top_left region of the window.,hotels | action | filter &&hotels | human_readable_position | top_left
103,0,nav,deals,sort,,footer__links,pageHeader,"Terms of Use
Privacy Policy
Do Not Sell My Personal Information
Ad Choices
Accessibility & CC
About
Newsletters
Transcripts","{'x': 658.5, 'y': 3708.0}","{'height': 24, 'width': 1285}","{'left': True, 'right': False, 'top': False, 'bottom': True}","{'closer_to_center_x': True, 'closer_to_center_y': False, 'closer_to_right_end': False, 'closer_to_left_end': False, 'closer_to_top': False, 'closer_to_bottom': True}",bottom,https://www.cnn.com/us,sort deals in the bottom region of the window.,deals | action | sort &&deals | human_readable_position | bottom
104,1,nav,deals,sort,,footer__links,pageHeader,"Terms of Use
Privacy Policy
Do Not Sell My Personal Information
Ad Choices
Accessibility & CC
About
Newsletters
Transcripts","{'x': 658.5, 'y': 3708.0}","{'height': 24, 'width': 1285}","{'left': True, 'right': False, 'top': False, 'bottom': True}","{'closer_to_center_x': True, 'closer_to_center_y': False, 'closer_to_right_end': False, 'closer_to_left_end': False, 'closer_to_top': False, 'closer_to_bottom': True}",bottom,https://www.cnn.com/us,sort deals in the bottom region of the window.,deals | action | sort &&deals | human_readable_position | bottom
105,2,nav,deals,sort,,footer__links,pageHeader,"Terms of Use
Privacy Policy
Do Not Sell My Personal Information
Ad Choices
Accessibility & CC
About
Newsletters
Transcripts","{'x': 658.5, 'y': 3708.0}","{'height': 24, 'width': 1285}","{'left': True, 'right': False, 'top': False, 'bottom': True}","{'closer_to_center_x': True, 'closer_to_center_y': False, 'closer_to_right_end': False, 'closer_to_left_end': False, 'closer_to_top': False, 'closer_to_bottom': True}",bottom,https://www.cnn.com/us,sort deals in the bottom region of the window.,deals | action | sort &&deals | human_readable_position | bottom
106,3,nav,deals,sort,,footer__links,pageHeader,"Terms of Use
Privacy Policy
Do Not Sell My Personal Information
Ad Choices
Accessibility & CC
About
Newsletters
Transcripts","{'x': 658.5, 'y': 3708.0}","{'height': 24, 'width': 1285}","{'left': True, 'right': False, 'top': False, 'bottom': True}","{'closer_to_center_x': True, 'closer_to_center_y': False, 'closer_to_right_end': False, 'closer_to_left_end': False, 'closer_to_top': False, 'closer_to_bottom': True}",bottom,https://www.cnn.com/us,sort deals in the bottom region of the window.,deals | action | sort &&deals | human_readable_position | bottom
107,4,nav,deals,sort,,footer__links,pageHeader,"Terms of Use
Privacy Policy
Do Not Sell My Personal Information
Ad Choices
Accessibility & CC
About
Newsletters
Transcripts","{'x': 658.5, 'y': 3708.0}","{'height': 24, 'width': 1285}","{'left': True, 'right': False, 'top': False, 'bottom': True}","{'closer_to_center_x': True, 'closer_to_center_y': False, 'closer_to_right_end': False, 'closer_to_left_end': False, 'closer_to_top': False, 'closer_to_bottom': True}",bottom,https://www.cnn.com/us,sort deals in the bottom region of the window.,deals | action | sort &&deals | human_readable_position | bottom
108,5,nav,deals,sort,,footer__links,pageHeader,"Terms of Use
Privacy Policy
Do Not Sell My Personal Information
Ad Choices
Accessibility & CC
About
Newsletters
Transcripts","{'x': 658.5, 'y': 3708.0}","{'height': 24, 'width': 1285}","{'left': True, 'right': False, 'top': False, 'bottom': True}","{'closer_to_center_x': True, 'closer_to_center_y': False, 'closer_to_right_end': False, 'closer_to_left_end': False, 'closer_to_top': False, 'closer_to_bottom': True}",bottom,https://www.cnn.com/us,sort deals in the bottom region of the window.,deals | action | sort &&deals | human_readable_position | bottom
109,6,nav,deals,sort,,footer__links,pageHeader,"Terms of Use
Privacy Policy
Do Not Sell My Personal Information
Ad Choices
Accessibility & CC
About
Newsletters
Transcripts","{'x': 658.5, 'y': 3708.0}","{'height': 24, 'width': 1285}","{'left': True, 'right': False, 'top': False, 'bottom': True}","{'closer_to_center_x': True, 'closer_to_center_y': False, 'closer_to_right_end': False, 'closer_to_left_end': False, 'closer_to_top': False, 'closer_to_bottom': True}",bottom,https://www.cnn.com/us,sort deals in the bottom region of the window.,deals | action | sort &&deals | human_readable_position | bottom
110,7,nav,deals,sort,,footer__links,pageHeader,"Terms of Use
Privacy Policy
Do Not Sell My Personal Information
Ad Choices
Accessibility & CC
About
Newsletters
Transcripts","{'x': 658.5, 'y': 3708.0}","{'height': 24, 'width': 1285}","{'left': True, 'right': False, 'top': False, 'bottom': True}","{'closer_to_center_x': True, 'closer_to_center_y': False, 'closer_to_right_end': False, 'closer_to_left_end': False, 'closer_to_top': False, 'closer_to_bottom': True}",bottom,https://www.cnn.com/us,sort deals in the bottom region of the window.,deals | action | sort &&deals | human_readable_position | bottom
111,8,nav,deals,sort,,footer__links,pageHeader,"Terms of Use
Privacy Policy
Do Not Sell My Personal Information
Ad Choices
Accessibility & CC
About
Newsletters
Transcripts","{'x': 658.5, 'y': 3708.0}","{'height': 24, 'width': 1285}","{'left': True, 'right': False, 'top': False, 'bottom': True}","{'closer_to_center_x': True, 'closer_to_center_y': False, 'closer_to_right_end': False, 'closer_to_left_end': False, 'closer_to_top': False, 'closer_to_bottom': True}",bottom,https://www.cnn.com/us,sort deals in the bottom region of the window.,deals | action | sort &&deals | human_readable_position | bottom
112,9,nav,deals,sort,,footer__links,pageHeader,"Terms of Use
Privacy Policy
Do Not Sell My Personal Information
Ad Choices
Accessibility & CC
About
Newsletters
Transcripts","{'x': 658.5, 'y': 3708.0}","{'height': 24, 'width': 1285}","{'left': True, 'right': False, 'top': False, 'bottom': True}","{'closer_to_center_x': True, 'closer_to_center_y': False, 'closer_to_right_end': False, 'closer_to_left_end': False, 'closer_to_top': False, 'closer_to_bottom': True}",bottom,https://www.cnn.com/us,sort deals in the bottom region of the window.,deals | action | sort &&deals | human_readable_position | bottom
113,10,nav,deals,sort,,footer__links,pageHeader,"Terms of Use
Privacy Policy
Do Not Sell My Personal Information
Ad Choices
Accessibility & CC
About
Newsletters
Transcripts","{'x': 658.5, 'y': 3708.0}","{'height': 24, 'width': 1285}","{'left': True, 'right': False, 'top': False, 'bottom': True}","{'closer_to_center_x': True, 'closer_to_center_y': False, 'closer_to_right_end': False, 'closer_to_left_end': False, 'closer_to_top': False, 'closer_to_bottom': True}",bottom,https://www.cnn.com/us,sort deals in the bottom region of the window.,deals | action | sort &&deals | human_readable_position | bottom
